Moya.Anger,Moya.Sadness,Moya.Fear,Moya.Joy,Moya.Comments
0,0,0,0.2,"this issue has been marked as stale because it has not had recent activity. it will be closed if no further activity occurs.   this issue has been auto-closed because there hasn't been any activity for at least 21 days. however, we really appreciate your contribution, so thank you for that! üôè also, feel free to [open a new issue](https://github.com/moya/moya/issues/new) if you still experience this problem üëç.  this issue has been auto-closed because there hasn't been any activity for at least 21 days. however, we really appreciate your contribution, so thank you for that! üôè also, feel free to [open a new issue](https://github.com/moya/moya/issues/new) if you still experience this problem üëç.  this issue has been auto-closed because there hasn't been any activity for at least 21 days. however, we really appreciate your contribution, so thank you for that! üôè also, feel free to [open a new issue](https://github.com/moya/moya/issues/new) if you still experience this problem üëç."
0,0,0,0.2,"this issue has been marked as stale because it has not had recent activity. it will be closed if no further activity occurs.   this issue has been auto-closed because there hasn't been any activity for at least 21 days. however, we really appreciate your contribution, so thank you for that! üôè also, feel free to [open a new issue](https://github.com/moya/moya/issues/new) if you still experience this problem üëç."
0,0.6,0,0,"for me it didn't get yet.the difference is that i'm using .getbut the problem still happens, it converts the ""?"" to ""%3f"""
0,0,0,0,"but it is in json format - your json is simply a dictionary, which is what `[string: any]` is, too. what does not work? what error do you get?<sub>sent with <a href=""http://githawk.com"">githawk</a></sub>  github will tell you there are merge conflicts in that case, and you can either fix it on github.com or locally (in the command line or any program you prefer)<sub>sent with <a href=""http://githawk.com"">githawk</a></sub>"
0,0,0,0.6,"this looks good! i'm just thinking if we should add some info that this release needs major upgrade of reactiveswift as well. what do you think?about releases - i'm cool with it. no need for an alpha i think, and one week beta should be enough, as we did it before and worked fine.  **edit:** actually, how about waiting with release and get #1521 in? it seems like a good addition and it's already a done pr i believe.  hey @nguyenducthanhtam. i think the purpose of this pr is to use the newest changes of moya that we have in development - in that case you just need to wait just a little bit more, but the beta release its on its way. after #1527 we should be ready to go. sorry for the trouble!"
0,0,0,0.3,also updated the change log as breaking changes.  you are right. i was wondering if i should update only the .resolved files. there is no issue as keeping ~> 4.0 in both podspec and cartfile. this pr is mostly to give the latest released version of the dependency at this date when using `carthage bootstrap` or `swift package resolve`  package.resolved has not been updated. it's still pointing to 2.0.1.should run 'swift package update'i created a pr #1531 for this
0,0,0,0.5,"oh, now i understand! thanks @lucas34, nice catch!   @sd10 okay, cool. as much as i'd love to have this plugin in moya 11, i don't really have much time for it either. thus, i'm gonna merge this one and we could try with beta i guess!"
0,0.2,0,0,"@zhongwuzw sorry, i am unable to track packets using wireshark. but i rewrote the same api call with alamofire and tested with same conditions, it works.the issue seems to be with the first post operation of the app.the first get operations works just fine.    can this code help? doesn't seem like a code issue as we are calling the same api again and it works.cannot share an example project as we have secured services.```swift//-------------------------------------------------------------------------// login apis - login user//-------------------------------------------------------------------------import moyalet loginprovider = networkutility.getmoyaprovider(loginapi.self)public enum loginapi {    case loginuser([string: any])    case forgotpasswordotp(string)    case resetpassword([string: any])}extension loginapi: targettype {    public var baseurl: url { return url(string: configdata.shared.geturl(forkey: defaultskeys.baseurl))! }    public var path: string {        switch self {        case .loginuser:            return configdata.shared.geturl(forkey: defaultskeys.login)        case .resetpassword:            return configdata.shared.geturl(forkey: defaultskeys.resetpassword)        case .forgotpasswordotp:            return configdata.shared.geturl(forkey: defaultskeys.forgotpasswordotp)        }    }    public var method: moya.method {        switch self {        case .loginuser:            return .post        case .resetpassword, .forgotpasswordotp:            return .put        }    }    public var task: task {        switch self {        case .loginuser(let bodyparameters),              //userlogin dictionaryrepresentation is used for this             .resetpassword(let bodyparameters):            return .requestcompositeparameters(bodyparameters: bodyparameters,                                               bodyencoding: jsonencoding.default,                                               urlparameters: [:])        case .forgotpasswordotp(let email):            return .requestcompositeparameters(bodyparameters: [user.keys.email: email],                                               bodyencoding: jsonencoding.default,                                               urlparameters: [:])        }    }    public var headers: [string: string]? {        return networkutility.getheaders()    }    public var sampledata: data {        var data: data! = nil        switch self {        case .loginuser:            data = networkutility.loadjson(jsonname: ""3.33.4success"")        case .resetpassword:            data = networkutility.loadjson(jsonname: ""resetpassword"")        case .forgotpasswordotp:            data = networkutility.loadjson(jsonname: ""verifyuser"")        }        return data    }}```"
0,0,0,0,"hi @mridul56 there is some other issues about retrying requests when auth fails. please, take a look at[how to add extension to retry with oauth?](https://github.com/moya/moya/issues/1402)[suclass moyaprovider for token refreshing](https://github.com/moya/moya/issues/1510)[creating a plugintype to handle request reauthentication](https://github.com/moya/moya/issues/744)[can i re-throw moya error or how to process errors of several async requests](https://github.com/moya/moya/issues/1429)[[help] oauth2 authentication using moya](https://github.com/moya/moya/issues/1436)let us know if you need any help."
0,0,0,0.2,"this issue has been auto-closed because there hasn't been any activity for at least 21 days. however, we really appreciate your contribution, so thank you for that! üôè also, feel free to [open a new issue](https://github.com/moya/moya/issues/new) if you still experience this problem üëç."
0,0,0,0.7,"hmm, very interesting. could you add a `debug()` statement above your `take(1)` line and share your logs after that? iirc if your `fromlocal` observable sends a `.next` event, the `fromnetwork` should never be subscribed to, so moya shouldn't be doing anything in the case of a local cache hit.  thank you for working on this @lucas34 üòÑ isn't this a headache? we should create a new dependency management definition that compiles down to pods+carthage+spm! _famous last words_ https://xkcd.com/927/"
0,0,0,0.2,"this issue has been marked as stale because it has not had recent activity. it will be closed if no further activity occurs.   this issue has been auto-closed because there hasn't been any activity for at least 21 days. however, we really appreciate your contribution, so thank you for that! üôè also, feel free to [open a new issue](https://github.com/moya/moya/issues/new) if you still experience this problem üëç.  this issue has been auto-closed because there hasn't been any activity for at least 21 days. however, we really appreciate your contribution, so thank you for that! üôè also, feel free to [open a new issue](https://github.com/moya/moya/issues/new) if you still experience this problem üëç."
0,0,0,0.2,"this issue has been auto-closed because there hasn't been any activity for at least 21 days. however, we really appreciate your contribution, so thank you for that! üôè also, feel free to [open a new issue](https://github.com/moya/moya/issues/new) if you still experience this problem üëç."
0,0.2,0,0,"i get the same error.xcode: 9.2carthage: 0.27.0running `carthage update` says>""incompatible swift version - framework was built with 4.0.2 (swiftlang-900.0.69.2 clang-900.0.38) and the local version is 4.0.3 (swiftlang-900.0.74.1 clang-900.0.39.2).""running `carthage update --platform ios --no-use-binaries --verbose`:```*** building scheme ""moya"" in moya.xcodeprojthe following build commands failed:	phasescriptexecution swiftlint /users/xyz/library/caches/org.carthage.carthagekit/deriveddata/9.2_9c40b/moya/10.0.1/build/intermediates.noindex/archiveintermediates/moya/intermediatebuildfilespath/moya.build/release-iphoneos/moya.build/script-46ae31f21f86ddc6004e4236.sh(1 failure)build failed	task failed with exit code 65:	/usr/bin/xcrun xcodebuild -project /users/xyz/projects/xyz/carthage/checkouts/moya/moya.xcodeproj -scheme moya -configuration release -deriveddatapath /users/xyz/library/caches/org.carthage.carthagekit/deriveddata/9.2_9c40b/moya/10.0.1 -sdk iphoneos only_active_arch=no bitcode_generation_mode=bitcode code_signing_required=no code_sign_identity= carthage=yes archive -archivepath /var/folders/dm/0d2chvhn6s57mkvwzhbdgc240000gq/t/moya skip_install=yes gcc_instrument_program_flow_arcs=no clang_enable_code_coverage=no (launched in /users/xyz/projects/xyz/carthage/checkouts/moya)```cartfile.resolved```github ""alamofire/alamofire"" ""4.6.0""github ""moya/moya"" ""10.0.1""github ""reactivecocoa/reactiveswift"" ""2.0.1""github ""reactivex/rxswift"" ""4.1.1""github ""antitypical/result"" ""3.2.4""```## solution:installing swiftlint  and linking it solved the problem and moya build succeeded```brew install swiftlintbrew link swiftlint```"
0,0.4,0,0,"hi @andrewsb, i have same problem and i wanna  have requests succeed after the app has been backgrounded. do you have any idea how to accomplish this."
0,0,0,0,"hey @canny09!can you post what result do you got when using code you included (with `urlencoding.querystring`)? the best way would be to add `networkloggerplugin` to your plugins in `moyaprovider` and copy whatever it prints (both request/response logs). more info about plugin customization you can find [here](https://github.com/moya/moya/blob/aa33a0466d7333516691b3e5212c5acb41990928/docs/plugins.md#built-in-plugins).  @canny09 i believe this is not supported. additionally, with your syntax, few of the server-side languages would only catch one `ids`, because you passed two arguments for one parameter. if you still need it though (can't talk with the server guys), you probably need to write your own `parameterencoding` ([here you have a quick example on how to create your custom one](https://github.com/moya/moya/blob/master/docs/examples/parameterencoding.md)).  this is really strange and unfortunately all of you guys can't share your project to help us investigate it, right?in that case, will any of you guys (@aloco, @karbhasin, @shwetachitlangia) want to make a quick call with me and we could try debug it on the fly? being able to reproduce it and access to the server logs would be awesome."
0,0.2,0,0,@sd10 we have started facing this issue from 10.0.0
0,0,0,0.4,"hmm, interesting. is the unit test in #1550?   okay, that makes sense! i wonder if we could add `assert`s to alert developers if they are hitting this edge case? make it fail loudly when developing, but silently when in production?for these types of discussions around nuanced behaviour, sometimes a pr demonstrating the unexpected behaviour in a unit test can help explain the background. for community members who either haven't worked in plugin code yet or (like me) have forgotten how plugins work altogether :wink: to be clear, this issue is very well laid-out and explained the problem very well (well done @sd10, and well-spotted). just wanted to mention a useful tool to keep in your toolbox.   if we already have a major release in the works, i would recommend prioritizing this change and shipping it in the next beta."
0,0,0,0,"@shwetachitlangia i think only two reasons, one is `ios` network system bug? because the http method like `get`„ÄÅ`post`.. appended on  packet by system automatically . another reason is server-side, truncated first two bytes when handle http. so as i said as before, only method to figure out is to catch network packets.<img width=""739"" alt=""qq20180120-132129 2x"" src=""https://user-images.githubusercontent.com/5061845/35180202-1a800cae-fde6-11e7-9233-baa4361f9537.png"">"
0,0,0,0,"i agree that all the closures are a core of moya right now. although, we might think about a smooth migration process and maybe a deprecation when swift 5 comes? then we have some time to focus on this one and think about all pros and cons.  hmm, i would rather get it fixed or get a clear understanding of what is happening. maybe we broke something in the process and just missed it because these tests were failing quite often. i can't really check this until later this week, but maybe someone from @moya/contributors is available and ready for some digging?"
0,0,0,0.2,this issue has been marked as stale because it has not had recent activity. it will be closed if no further activity occurs.   this issue has been marked as stale because it has not had recent activity. it will be closed if no further activity occurs.   this issue has been marked as stale because it has not had recent activity. it will be closed if no further activity occurs.
0,0,0,0.3,"thanks @sd10! üòÅ  i found [this](https://circleci.com/blog/circleci-hacks-automate-the-decision-to-skip-builds-using-a-git-hook/) article that shows how to skip ci builds if changes are in a certain directory by combining git hooks with a `.ciignore` (or any name) file. the only problem is that git hooks are local and are not copied over when a repo is cloned or forked, so i've hit a dead-end there üòìi'm still looking for a way to achieve this in circleci tho üòÖ"
0,0,0,0,"so... if i understand correctly from that issue, the problem was that the provider was not getting deallocated in 8.x but now in 10.x it is. but i think that in my case is actually impossible that the provider is getting deallocated, as you can see, `activity` in my example above, is part of a singleton that instantiates the corresponding service at the first moment it is called. how can it be released and how's this the expected behavior, if this is the case, we cannot rely on protocol extensions that instantiate the services under-demand. i can understand that the provider gets deallocated after a request is finished and no more references are linked to it, but *during* a request, that the resource itself gets deallocated... i don't think it is a proper management... there're no risks in retain cycles because requests from moya don't perform side-effects as they're defined.  i will test making the computed property a computed closure that generates the provider, but i don't know if this is the desired behavior... now it would be necessary to call it as follows:```swiftsessionmanager.shared.service.activity().activity(withid: 1449319201383, source: .internet)```which in my opinion is an anti-swift pattern, cannot understand how the provider is being released during a network call...  but with that approach, protocol extensions are no longer usable, which comes handy when having 10 different targets in the application...  i understand the approach, not so pretty to use that _hacky_ way, but i suppose i have not choice. now is late night in europe so i'll try this tomorrow.about the behavior, i think that i do not agree on your use case... normally the user is responsible of disposing any resources that might be running, this is an standard approach that is defined by the promises. you can either reject or resolve it. reactivex adds another tool for controlling all the resources by the disposable management, in that case, logging out as you pointed, will be enough to dispose any ongoing network request.what do you think?"
0,0,0.1,0,"@sd10 almost there! everything is correct except we don't need `convertmoyamultipartformdatatoalamofire()` now üòâ also: did you fix that failing tests in the meantime? seems like the build is passing now.  @fengerxixi hey, just a heads-up that we enabled `urlencoding.httpbody` as `bodyencoding` argument. it is also released in the newest moya 10.0.2, thanks to @sd10. if this doesn't resolve your issue, please let us know!"
0,0,0,0,"i opened #1558 for the discussion.about the issue itself, i wasn't able to change my provider yet, so if you want, we can keep this open until i get it fixed by my side and can confirm that is actually the root of the issue. üòÑ"
0,0,0,0.1,"i've formalized a somehow, imho, super hacky solution that could be applied to any observable in the rxswift environment. it is the `retaining<t>(_ value: t)` operator. not sure if this is the issue where i should introduce this solution, but maybe this could be an option to consider, letting in the hands of the developer to retain a certain object during the lifetime of an `observable`:```swiftprivate class retaintoken<e, v> : observableconvertibletype, disposable {    private let _source: observable<e>    private var _retain: v!        init(source: observable<e>, value: v) {        _source = source        _retain = value    }        func dispose() {        self._retain = nil    }        func asobservable() -> observable<e> {        return _source    }        deinit {        self._retain = nil    }}public extension observabletype {    public func retaining<t>(_ value: t) -> observable<e> {        return observable.using({            return retaintoken(source: self.asobservable(), value: value)        }) { (t: retaintoken<e, t>) -> observable<e> in            return t.asobservable()        }    }}public extension primitivesequence where traittype == singletrait {    public func retaining<t>(_ value: t) -> single<e> {        return single.using({            return retaintoken(source: self.asobservable(), value: value)        }, primitivesequencefactory: { (t: retaintoken<e, t>) -> single<e> in            return t.asobservable().assingle()        })    }}```the idea is mostly based on the [`activityindicator`](https://github.com/reactivex/rxswift/blob/master/rxexample/rxexample/services/activityindicator.swift) proposed in the `rxswift`'s repo. this operator makes sure that the object is referenced by a strong reference during the whole lifetime of the `observable` in which this is applied.  i'd like to invite the moya community to go through this and maybe find a solution that fits everyone's needs. keep up the great work!  the only think i disagree is that how can be the `observable` contract broken when wrapping the `moyaprovider`, thing that would be easily patched by strongly referencing self in [here](https://github.com/moya/moya/blob/7c599570c2a60079dfefcc27fc67cb303feb48e1/sources/rxmoya/moyaprovider%2brx.swift#l31)  i confirm that this is due the behavior being implemented in later versions of moya. i close this but i'd like to continue the discussion in the other issue, about the behavior itself.thank you all!!"
0,0,0,0.2,"this issue has been auto-closed because there hasn't been any activity for at least 21 days. however, we really appreciate your contribution, so thank you for that! üôè also, feel free to [open a new issue](https://github.com/moya/moya/issues/new) if you still experience this problem üëç.  this issue has been auto-closed because there hasn't been any activity for at least 21 days. however, we really appreciate your contribution, so thank you for that! üôè also, feel free to [open a new issue](https://github.com/moya/moya/issues/new) if you still experience this problem üëç."
0,0,0,0.3,"well, it seems that this is a job for a `plugintype`.i created a implementation of `plugintype` and processed it inside the `didreceive:result:target` function.worked like a charm!is that's the more appropriate way to solve this, this thread can be closed.  sure! here's how i'm doing **with swiftyjson**:```swiftimport moyaimport resultimport swiftyjsonclass responseprocessorplugin: plugintype {    func didreceive(_ result: result<response, moyaerror>, target: targettype) {        switch(result) {        case .success(let response):            // here i can validate and perform arbitrary logic            guard let jsonresponse = try? json(data: response.data) else { return }            let meta = jsonresponse[""meta""]            if let errorcode = meta[""error""].int {                let errormessage = meta[""message""].stringvalue                print(""error code: \(errorcode)'. message: \(errormessage)"")            }        case .failure(let error):            print(error.errordescription ?? ""no description provided"")        }    }}// here i configure my providerlet provider = moyaprovider<mytarget>(plugins: [responseprocessorplugin()])```hope it helps.btw moya is awesome!"
0,0,0,0.2,"this issue has been auto-closed because there hasn't been any activity for at least 21 days. however, we really appreciate your contribution, so thank you for that! üôè also, feel free to [open a new issue](https://github.com/moya/moya/issues/new) if you still experience this problem üëç."
0,0,0,0.2,"this issue has been auto-closed because there hasn't been any activity for at least 21 days. however, we really appreciate your contribution, so thank you for that! üôè also, feel free to [open a new issue](https://github.com/moya/moya/issues/new) if you still experience this problem üëç."
0,0,0,0,are there any supports on me opening a pr changing the referencing cycle to a strong reference on the `reactive` and `rx` extensions of the library? üòÑ
0,0,0,0,"i've read the discussions, so i think that the issue is how moya is interpreting the contracts established by rx and reactiveswift, an observable, a signal, a signalproducer a promise or any other implementation of the rx contract, where its lifetime should've always be able to be **observed**. i cannot have an observable that, after subscribing, neither disposed, next, error nor complete events are received and thus, having a zombie observable, not dead, not alive.i'm with the team that the behavior should be consistent between rx and reactiveswift, so retaining the provider is key to respect those contracts. üöÄ   yeah, that's why i introduced the `.retaining` operator above. that retains any object chosen by the developer along the lifetime of the observable. just expanding the reasoning to that the finishing the observable without any event is not the correct approach, but i understand the reasons of why this is happening, but i really think that this is something that should be fixed, as it is not a correct rx nor reactiveswift behavior. thank you for the feedback!!   missclick! üòÖ"
0,0.2,0,0.1,"hey @matthiasotto. first of all, thank you _so_ much for this detailed bug report. means a lot. i've copied your code into my moya project, but i was getting the same (bad) results for both moya and alamofire. would you be so kind to create a sample project with images that reproduce this problem? then i would be able to investigate the problem more."
0,0,0,0.1,"hi @sd10 thank you for a quick response. i'm migrating from version 10.0.2 to 11.  @sd10 thanks. yes, i'm subclassing and your proposed solution,`providersubclass.defaultrequestmapping`, works. thank you."
0,0,0,0.8,"yes! it works, thanks a lot @sunshinejr."
0,0,0,0.2,this issue has been marked as stale because it has not had recent activity. it will be closed if no further activity occurs.
0,0,0,0.1,"hey @sd10,thank you very much for the prompt reply!no, i do not have a custom `endpointclosure` nor any plugins. i am intentionally using the default `moyaprovider` (wanted to eliminate anything that might modify the `headers`).i have also tried restarting and reseting the simulator and i have also built and run the application on a device. unfortunately that did not resolve the issue."
0,0,0,0,"issue only applicable if you fetch the project with `pod````podspec""result"", ""~> 3.0""```````cartfilegithub ""antitypical/result"" ~> 3.1```both should point to the same version.updating `result` should not bring any issue since it's already working if you fetch the project with carthage. will resolve `result` with  for 3.2.4. same if you are using spm.  i uninstalled swiftlint and i'm still able to fetch moya (10.0.1 and 11.0) properly with carthage."
0,0,0,0.6,great! will definitely do it in the next few days!
0,0,0,0,"hey @tritium7. can you try to make the same request with `alamofire`/`urlsession` and see if it works? if yes, please copy-paste the code here so i can prepare a demo project and see what's the problem."
0,0,0,0.2,this issue has been marked as stale because it has not had recent activity. it will be closed if no further activity occurs.
0,0,0,0,"yes, if you can open a pull request in moya/contributors, üôè <sub>sent with <a href=""http://githawk.com"">githawk</a></sub>"
0,0,0,0.2,"this issue has been auto-closed because there hasn't been any activity for at least 21 days. however, we really appreciate your contribution, so thank you for that! üôè also, feel free to [open a new issue](https://github.com/moya/moya/issues/new) if you still experience this problem üëç."
0,0,0,0,this issue has been marked as stale because it has not had recent activity. it will be closed if no further activity occurs.
0.6,0,0,0.2,@sunshinejr : its weird. it works fine if i don't add firebase/core and firebase/messaging pods to the project.   @sunshinejr thanks a lot.
0,0,0,0,"closing this issue as it doesn't seem to be a associated directly with, or caused by moya."
0,0,0,0,this issue has been marked as stale because it has not had recent activity. it will be closed if no further activity occurs.
0,0,0,0,@sd10 i define a new member variable which is used to hold the provider in the whole life cycle.```self.provider = provider```but it does't work  @mazorati do you solve this problem?
0.3,0,0,0,"seems the issue is some flaky tests and not necessarily the move to v2 here ü§î i'll confirm on my end as well.  why would it ""think"" it needs to build on 3.2.0 ü§î that's the strange question here  > this pr is a work-in-progress because we can probably parallelize danger runs, carthage builds, and the build_example task. i just want to validate that things work as-is first.ps you probably won't be able to - circle ci only gives parallelism of 1 for macos containers on oss it seems (at least thats how it is on rxswiftcommunity)  i'm just making a quick attempt here to see if it's possible to drop the script if the build itself passes and the caching already takes care of the ""if needed"" part. will revert if not helpful.  @ashfurrow got any idea regarding that error? not seeing it locally   i‚Äôll take a look a tad later :) in the midst of a magic: the gathering office tournament ! ü§ì as a side note, carthage is just a nightmare for ci (especially the debugging portion of it) üò•üò•üò•"
0,0,0,0.9,"sounds good ‚Äì great work! i'll trust you to take it from here, but i'm happy to advise. just let me know what i can do to help.i also like circle ci 2.0 _in general_, even if the transition hasn't been smooth. on a recent [new rails app](http://artsy.github.io/blog/2018/02/06/apogee-technical-retrospective/) i [used circle ci 2.0 workflows to deploy to kubernetes](http://artsy.github.io/blog/2018/01/24/kubernetes-and-hokusai/). i really liked it but it's a very different level of abstraction. i think it's that disparity between abstractions that will make the transition from 1.0 to 2.0 difficult, especially for ios developers not used to working with docker containers. lots of opportunities for blog posts!"
0,0,0,0,"it seems that the build failedhttps://ci.swift.org/view/source%20compatibility/job/swift-master-source-compat-suite/1339/consolebut what i can read, it is moya passes, right?"
0,0,0,0.4,"@esam091 .. thank you for your response.yes, i have upgrade from swift 3.2 to swift 4 it was working fine like you said in moya previous versionbut after upgrading to this working it stop working.it like you said it seems like no call was made out and never received response back.i will try with you solution first and will let you know.  @esam091 .. its still not working i don't know why do you have any suggestion or what should be modify in my code ? thank you.  @esam091  i have tried 2 implementation :in which first implementation work fine can i can retrieved data.but in the second implementation when it reached ' .mapserviceobject(promotionresponse.self)'and ran into .flatmap it just skip that part, i don't know whether my 'mapserviceobject' is wrong or not.you can check my 'mapserviceobject' in my first post.thank you so much.first :```public class promotionviewcontroller: uiviewcontroller {        let promotions = [""try""]        let disposebag = disposebag()        var viewmodel: promotionviewmodel!        @iboutlet weak var tableview: uitableview!        var viewdidappeartrigger = publishsubject<void>()        override public func viewdidload() {        super.viewdidload()        self.setupview()                let provider = pointprovider<promotionservice>.rxprovider()                provider.rx.request(.getpromotion)            .asobservable()            .mapobject(promotionresponse.self)            .subscribe { event -> void in                switch event {                case .next(let repos):                    print(repos.dictionaryrepresentation())                    break                    //self.repos = repos                case .error(let error):                    print(error)                default: break                }            }.disposed(by: disposebag) ```second :```class promotionviewmodel {        struct input {        let viewdidappeartrigger: driver<void>    }        let isloading = activityindicator()        var onrequestpromotion: driver<result<promotionresponse,serviceerror>>!        init(input: input) {                onrequestpromotion = input.viewdidappeartrigger            .flatmaplatest({ [unowned self] (_) in                let provider = pointprovider<promotionservice>.rxprovider()            return provider.rx                .request(.getpromotion)                .asobservable()                .trackactivity(self.isloading)                .mapserviceobject(promotionresponse.self)                .flatmap({ (response) in                    switch response {                    case .success(let response):                        //return response                        return driver.just(.success(response))                    case .failure(let error):                        return driver.just(.failure(error))                    }                })            })            }```this is my promotionresponse class```public class promotionresponse: baseresponse {        private struct serializationkeys {        static let promotions = ""promotions""    }        // mark: properties    public var promotions: [promotions]?        public required init?(map: map){        super.init(map: map)    }        public override func mapping(map: map) {        super.mapping(map: map)        promotions <- map[serializationkeys.promotions]    }        public override func dictionaryrepresentation() -> [string: any] {        var dictionary: [string: any] = [:]        if let value = promotions { dictionary[serializationkeys.promotions] = value.map { $0.dictionaryrepresentation() } }        return dictionary    }        }```          @sd10 .. thank for your response.could you please suggest me on how to do it ?i have tried various way but not working yet.  @esam091 @sd10 .. thank you for your suggestion.i have tried as you suggested and it seems to be working fine now.thank you so much for your help and i will test it again and let you know whether it works fine or not.really thank you both."
0,0,0,0.5,üòÜhappy you got this figured out. open a new issue if you get stuck on anything else!  @esam091 most implementations i've seen have a global provider - it's what eidolon does too
0,0,0,0.4,"ok, everything looks good on my end, and we even got bootstrap-if-needed working üéâ üéâ i cleaned up the circle yaml file to create a readable file, but more than that, a readable ci run. meaning, i've split things into more steps instead of squishing test commands together, while providing proper naming for each of the ci steps. üíØ i also squashed everything to make things nice and reviewable. ü§ì would love your reviews @ashfurrow @sunshinejr üòÑ"
0,0,0,0.3,@pietrocaselani many thanks buddy. thanks for the direction üëç
0,0,0,0,this issue has been marked as stale because it has not had recent activity. it will be closed if no further activity occurs.
0,0,0,0,this issue has been marked as stale because it has not had recent activity. it will be closed if no further activity occurs.
0,0,0,0,this issue has been marked as stale because it has not had recent activity. it will be closed if no further activity occurs.   this issue has been marked as stale because it has not had recent activity. it will be closed if no further activity occurs.
0,0,0,0.2,"this issue has been auto-closed because there hasn't been any activity for at least 21 days. however, we really appreciate your contribution, so thank you for that! üôè also, feel free to [open a new issue](https://github.com/moya/moya/issues/new) if you still experience this problem üëç."
0,0.4,0,0,"yeah, @lucianopalmeida, sorry for the problem but our org is currently bugged on circleci. long-story-short we were using a beta of circleci 2.0 on macos and we had to be given a trial to make it work. i already messaged support and we should have it resolved soon. then we can proceed with this pr. üòÖ"
0,0,0,0.2,"this issue has been auto-closed because there hasn't been any activity for at least 21 days. however, we really appreciate your contribution, so thank you for that! üôè also, feel free to [open a new issue](https://github.com/moya/moya/issues/new) if you still experience this problem üëç."
0,0,0,0.2,"this issue has been auto-closed because there hasn't been any activity for at least 21 days. however, we really appreciate your contribution, so thank you for that! üôè also, feel free to [open a new issue](https://github.com/moya/moya/issues/new) if you still experience this problem üëç.  this issue has been auto-closed because there hasn't been any activity for at least 21 days. however, we really appreciate your contribution, so thank you for that! üôè also, feel free to [open a new issue](https://github.com/moya/moya/issues/new) if you still experience this problem üëç."
0,0,0,0,"@sd10 was the migration guide removed? i just inherited a project that was using moya 8.0, i've updated to 11 and i do not see the parameters computed property being hit.any help?thanks!"
0,0,0,0,"can you give a better explanation of what‚Äôs not working / what you expect? is there any error you‚Äôre seeing?<sub>sent with <a href=""http://githawk.com"">githawk</a></sub>"
0,0,0,0.2,"@basthomas [you even wrote this one](https://github.com/moya/moya/blob/master/contributing.md#testing) üòÑ just that there is a specific command to update the libraries if possible, where bootstrap just runs on defaults. we could improve it by adding a flag to cache libraries, though.about this pr we will have to decide what to do, because we already have a pr in the works, which is a bigger rewrite. this one is simpler and doesn't require that much to migrate for the old users.  @serg1k17 would you please remove the `@autoclosure` from the plugin as well? we agreed to remove it as it causes a lot of chaos, where we just wanted to make it easier for people to pass the token üòÖ  hey @ffittschen. first of all thanks so much for the hard work not only when creating the pr, but also by participating in finding a good, flexible solution. this is a hard one though, as the migration is a big one and seems like the placement of the token is rather a custom usage.  we also didn't get enough feedback on this big change.because of that we decided to go with a simpler solution proposed in #1611, at least for now. although, i've already sent you an invite to the organization as a thank you for your hard work. i hope that this won't stop you from contributing more in the future!"
0,0,0,0,@basthomas i want to hit 4 different api endpoints and get a callback only when all 4 are completed.  @basthomas  case .next(let element) never gets called.
0,0,0,0,"hey @lskypivot, what about `let dictionary = data as? [string: any]`?"
0,0,0,0,"  hey @sd10,  we think the following documentation may be helpful in resolving your question:- [getting started with moya](https://github.com/moya/moya/blob/master/docs/examples/basic.md)   you can find the rest of moya's english documentation [here](https://github.com/moya/moya/tree/master/docs).  we also have chinese versions of the documentation [here](https://github.com/moya/moya/tree/master/docs_cn).  you can see our in source documentation at [moya.github.io](https://moya.github.io)."
0,0.3,0,0,"i've tried this entry:```github ""moya/moya"" ""swift_4.1""```with the same command and still got an error. then i created the branch `xcode_9.3` based on `swift_4.1` and got it working there. see my comment [here](https://github.com/moya/moya/pull/1617#issuecomment-377529924) for reference.so, if anyone is having the same issue, **until this is fixed properly you can use this** in your cartfile:```github ""moya/moya"" ""xcode_9.3""```  when specifying this branch and running `carthage update --platform ios` the build of rxmoya failed. i just created a new branch named `xcode_9.3` which includes this branch and the branch `swiftlint-fix` which is part of #1619. now it works. just as a note ... moya is currently not working with xcode 9.3 (at least for me).  i'm personally against removing swiftlint entirely. there's a reason to have a linter and that's to have a common code style. if any rule is problematic in this project, we can still configure swiftlint to match our purposes.regarding carthage builds, there's a simple solution by only running the script in debug mode ‚Äì carthage does release builds so that fixes the issues. i've created a pr #1619 with my suggestion.  i have just also cherry-picked the identifier_name fixes of @sunshinejr into my pr and continued his work (he didn't fix all violations of that rule)."
0,0,0,0.2,"@basthomas we can keep this open as the pr didn't land yet üòÖ also, @cocoapriest there is an another pr that instead of removing the build phase, uses it only in debug mode. can you try this one as well (#1619)? as we would prefer it actually, because it solves the problem for carthage users without removing a tool in our development process.  that's cool, thanks for the help @cocoapriest! üëå   @msalman i didn't try the feature yet, but artsy's eigen is already moved to static libraries, see [artsy/eigen#2561](https://github.com/artsy/eigen/pull/2561/files#diff-4a25b996826623c4a3a4910f47f10c30), maybe it will help."
0,0,0,0.6,"@sd10 yeah, it's good to go."
0,0,0,0,"hey @canny09. i'll need more informations to help you resolve the issue:1. what version of moya do you use?1. are you sure that `map<r>(_ transform:)` is a method that moya had before? i can't recall it but maybe my memory is failing me üòÖ 1. can you tell me if you are using additional cocoapods, for mapping specifically? `objectmapper` or `modelmapper` or any other? if yes, please provide me `podfile.lock` if possible.  oh, so now you are probably facing a problem with swift, rather than with rxswift or moya... i'll try to give you some hints on how you could try to solve it, as i don't see nothing in particular on the first sight.swift is not the best at giving you a precise errors in this situation, that's why i always try to extract the code to a playground if possible to check if the inner code is working without the rx part. in your case i would try to check if i could write a function and see if it works:```swiftfunc transform<t>(response: response) -> t {    let jsondict = response as? [string : any]    guard let model = t.deserialize(from: jsondict, designatedpath: ""data"") else {        throw blockyerror.unknown    }    return model}```if it doesn't, you have a better error right in front of you. if it does work, however, there is a problem up the chain. then i would check if the `single` extension without the whole `map` transformation works.```swiftextension single {    func mapmodel<t: handyjson>(type: t.type) -> single<t> {        return single.just(t.deserialize(from: jsondict, designatedpath: ""data""))    }}```the same situation here, if it doesn't work you know where to dig. if it works, then it's probably a typo somewhere or maybe you need an explicit parameter names or explicit return types somewhere. really not an easy fight.if you can't find it, let us know, maybe try to build an example project where it happens and someone will for sure try to help you.  @lucianopalmeida just wanted to say that this is the first time i'm seeing `rangeexpression` type and i'm amazed. will probably take a closer look on this and pr later on, but great job on finding it üíØ"
0,0,0,0,"can you add this to https://github.com/moya/contributors/blob/master/contributing.md too?<sub>sent with <a href=""http://githawk.com"">githawk</a></sub>"
0,0.4,0.1,0,"it was something completely unrelated to my (in retrospect) droolings of a madman above. i'm a close minded fool and was blinded by what i conceptualized ""imagemapping"" to mean. sorry for the waste of time my moya friends!"
0,0,0,0.2,"thanks a lot for contributing to moya! i've invited you to join the moya github organization ‚Äì no pressure to accept! if you'd like more information on what that means, check out our [contributor guidelines](https://github.com/moya/contributors) and feel free to reach out with any questions."
0,0,0,0.8,"first of all thanks so much for this piece @fbeeper! this is a huge amount of work and many years in the making so you did a great job üëè i've left few comments myself as well - i know that with all of us commenting this is a lot of work, but i hope we can get this finished.  @sd10 yeah, tough one. i'd try merging master into development as we need to do it anyways. if it doesn't help, then let's rebase the pr."
0,0,0,0,"hey guys @serg1k17 @sd10 - i've rebased the pr and did reset some comments, it seems like the history is little bit more clear now and we can proceed üòâ"
0,0,0,0.8,"thanks a lot for contributing to moya! i've invited you to join the moya github organization ‚Äì no pressure to accept! if you'd like more information on what that means, check out our [contributor guidelines](https://github.com/moya/contributors) and feel free to reach out with any questions.  thanks a lot for contributing to moya! i've invited you to join the moya github organization ‚Äì no pressure to accept! if you'd like more information on what that means, check out our [contributor guidelines](https://github.com/moya/contributors) and feel free to reach out with any questions."
0,0.6,0,0,"dynamic, sorry, forgot to add."
0.3,0,0,0,"especially since we rely heavily on alamofire, i don't see this making too much sense. i don't know the initial reasons to have alamofire as a dependency though, and i do not know if it would be worth it dropping the dependency at this point.  are there any strong opinions or instances were you really need moya over `urlsession` when dependency size is important?"
0,0,0,0,this issue has been marked as stale because it has not had recent activity. it will be closed if no further activity occurs.
0,0,0,0,"hey @filograno. i usually have an optional `pagination` object that holds a `page` and number of items per page that i want to fetch. then, from the response, either i got an object that returns a current `pagination` object as well, or if i can't get it out of an api, i'd just bump the `page` in my current `pagination` object.i think that there are many approaches and it's just a matter of what do you like the most. nothing's wrong with your as well. maybe there is even a room for a simple library for moya üòâ   @serg1k17 really strange, are you sure it's there indefinitely? maybe there is a request that gets a timeout?  i think we should still investigate the issue, so reopening this one. unfortunately, i don't really have time to do it. maybe some of the @moya/contributors would help?  as i think we agree that we don't really use it, i went ahead and closed the project and gonna close this issue too üëç"
0,0,0,0.4,"i agree with @ashfurrow on this one.i can see how the branch approach works and it's in fact a nice workaround, but i'd like to see if the tag approach suggested by ash would work. if it does, i have a feeling it would end up being a cleaner solution to the problem üëç"
0,0,0,0,"hmm, the plot thickens! i think that another, more short-term approach _could_ be to tell users to fork moya and remove the schemes they don't need. it would solve the immediate problem and share that solution with others while we work towards a more maintainable one. any thoughts?   oh, interesting idea! hmm, that _would_ be kind of nice, yeah. i'd like to hear what other moya members ‚Äì particularly carthage users! ‚Äì have to say about it before moving forward, but it sounds promising!"
0,0,0,0.2,"hey @gtmyang, thanks for the issue. it seems like it's a similar one to the https://github.com/moya/moya/issues/1533. could you check if your backend is using `spring`? it seems like this might be the issue here.  hey @bnussey. so you are able to use `self.provider.rx.request(.authorizerefresh(token: refreshtoken))` in one part of the app and you can't in the other? if yes, please copy parts of the code surrounding the request - one that works and one that doesn't work. also, please copy the code for `targettype` that you use (with `. authorizerefresh(token:)` case)."
0.1,0,0,0.1,"i completely agree with everybody who blames carthage for not fixing this themselves. but they haven't done anything to solve this since more than two years now (see https://github.com/carthage/carthage/issues/1227) so i'm not sure if they feel like there is any pressure on them at all. and most dependencies i've used don't have the problem that they have reactive extensions which take ages to build (at least that's what it feels like), thus i'm sure some people over there at carthage would argue that it **actually is** a moya issue. (update: i just found the core maintainer already argued that way [here](https://github.com/carthage/carthage/issues/1227#issuecomment-286244019))having this said, here's the overview of possbilities we discussed until now (as i see it):1. we create forks in the main moya repo and rebase them on version updates via ci.  **pro:** the basic problem is fixed. **con:** it's work to configure once. will `bootstrap` even work after a rebase?2. we require every moya user interested in fast build times to create the forks themselves.  **pro:** we don't have to lift a finger and simply blame carthage. **con:** user madness.3. we automate the ci and use repos on the moya organization to make this happen (as suggested).  **pro:** users have all semver updating possibilities. **con:** it's work to configure this once.4. we don't automate the ci and use forks maintained by me to make this happen.  **pro:** users have all semver updating possibilities. **con:** updates will be delayed.i actually just created a ""konsensing"" where you can **submit more suggestions until sunday** and **rate the options until monday.** the results will be available once the rating deadline is over. see here:**https://www.konsensieren.eu/en/konsensierung/kd8mvrdnd/anzeigen**note: a ""konsensing"" is an innovative democratic decision making idea with the goal to find the best consensus which makes everybody happy instead of finding just the idea with the most thumbs up. unfortunately i couldn't find any english translation to the great german explanation site [here](http://www.sk-prinzip.eu/). but maybe the [google translated version](https://translate.google.com/translate?sl=de&tl=en&js=y&prev=_t&hl=de&ie=utf-8&u=http%3a%2f%2fwww.sk-prinzip.eu%2f&edit-text=&act=url) is good enough?"
0,0,0.1,0,"@sunshinejr as a matter of fact, i did. maybe i misunderstood. before answering this, i tried:```swiftcase let .updatecart(_, cartidx: cartidx, num: num):  return .requestcompositeparameters(bodyparameters: [""cartidx"": cartidx, ""num"" : num], bodyencoding: jsonencoding.default, urlparameters: [:])```clear error. (status code: 400)however, after reviewing your answer, i tried again.```swiftcase let .updatecart(memberid: memberid, cartidx: cartidx, num: num):  return .requestcompositeparameters(bodyparameters: [""cartidx"": cartidx, ""num"" : num], bodyencoding: jsonencoding.default, urlparameters: [""memberid"": memberid])```still an error. (status code: 405 -> wrong method or wrong parameter. in this case, probably wrong parameter). actually, i encountered this error before when missing ""path"".i supposed it referred to two completely different result. i'm not so sure how exactly requestcompositeparameters worked, but it seems kind of strange putting [""memberid"": memberid] in the urlparameters. how can i adjust above request to the ""path"" of like solution? thanks a lot!"
0,0,0,0.4,"that‚Äôs _awesome_. thank you so much @petester42 for stepping in and finishig the works, this is imo the best solution to this problem. and thanks @dschee for pushing this forward! üëèüèªüëèüèªüëèüèª"
0,0,0,0.4,"hi @sunshinejr , thanks for the fast and kind answer!if subclassing is still considered a good practice after `rxmoyaprovider` got deprecated, then i'm all for it. an example may help, but i can anticipate that currently there is a single method in `moyaprovider` handling all `stubbehavior` cases and i'd like to override only the `delayed` one (the one where a scheduler will make sense since there's timing embedded). this method has the following signature:```swiftopen override func stubrequest(_ target: target, request: urlrequest, callbackqueue: dispatchqueue?, completion: @escaping moya.completion, endpoint: endpoint, stubbehavior: moya.stubbehavior) -> cancellabletoken```internally, it does this:`let callbackqueue = callbackqueue ?? self.callbackqueue`however notice that `callbackqueue` is internal in moyaprovider, so given that i want to keep this code, i need to create another of that property in my subclass.also, my `testscheduler` needs to be injected in my `moyaprovider` subclass via its initializer, so that i don't modify the signature of the overridden method. but here again i had problems because i wanted to keep all the same parameter default values, and some won't work at least not in a first naive attempt.so in brief, an example that:1. overrides `stubrequest` by replacing the code for one of the stub behaviors2. exposes a new initializer with an additional parameter, while keeping all the same parameter default values from the `moyaprovider` subclasswill definitely be all i need! üòÑ thank you again!"
0,0,0,0,"you can use```swift   case let .success(moyaresponse):                moyaresponse.mapstring()```  @serg1k17 #1629 did not solved the issue of passing json (created from some model)i am talking about```swiftcase .youcase:  return .requestparameters(parameters: myjsonobject, encoding: urlencoding.querystring)```  @sd10  thanks   yes path and json body work together"
0,0,0,0.2,"this issue has been auto-closed because there hasn't been any activity for at least 21 days. however, we really appreciate your contribution, so thank you for that! üôè also, feel free to [open a new issue](https://github.com/moya/moya/issues/new) if you still experience this problem üëç."
0,0,0,0,this issue has been marked as stale because it has not had recent activity. it will be closed if no further activity occurs.
0,0,0,0,"feel free to open a pull request :)<sub>sent with <a href=""http://githawk.com"">githawk</a></sub>"
0,0,0,0.2,"this issue has been auto-closed because there hasn't been any activity for at least 21 days. however, we really appreciate your contribution, so thank you for that! üôè also, feel free to [open a new issue](https://github.com/moya/moya/issues/new) if you still experience this problem üëç."
0,0,0,0,this issue has been marked as stale because it has not had recent activity. it will be closed if no further activity occurs.
0,0,0,0.1,we should probably still take a look at this.  go for it!
0,0,0,0,"hey @kaleemozitech, this is a tough one because there might be many factors involved.1. type of your `dict`. do you have your dictionary typed as `[string: any]` or `[string: string]`? additionally, what are `areas`? is this a `[string]` or `[int]`? make sure you are passing the types right.1. `.prettyprinted` option for your data serialization. this adds some additional space to the encoded data, maybe your server doesn't accept it at all? try replacing `.prettyprinted` with `[]`:```swiftlet data = try! jsonserialization.data(withjsonobject: dict, options: [])```3. what headers are you supposed to pass to the server? is it really `multipart/form-data`? do you override your headers somewhere? this also can be the reason that your server cannot decode your parameters well.i think these are the biggest ones that come to my mind right now. if none of these help, let me know and we will try to figure it out. server logs and more code would be appreciated. oh, and please add `networkloggerplugin(verbose: true)` to your `moyaprovider` plugins and paste it here if you can, this is really helpful with debugging.  @oluckyman this needs a major version release as it's breaking, but i think we are near to complete the scope for it üòâ"
0,0.2,0,0,"i am experiencing the above error, how to turn off the above message. i am using on swift version 2.3  i am experiencing the above error, how to turn off the above message. i am using on swift version 2.3"
0,0,0,0.2,"this issue has been auto-closed because there hasn't been any activity for at least 21 days. however, we really appreciate your contribution, so thank you for that! üôè also, feel free to [open a new issue](https://github.com/moya/moya/issues/new) if you still experience this problem üëç.  this issue has been marked as stale because it has not had recent activity. it will be closed if no further activity occurs."
0,0,0,0,this issue has been marked as stale because it has not had recent activity. it will be closed if no further activity occurs.
